objectid,Tipo de Trecho,Jurisdição,Administração,Concessionária,Revestimento,Operacionalização,Situação Física,Tráfego,Canteiro,Capacidade de Carga,Número de Faixas,st_length_,ID,geometria,Código de Trecho,shape,st_length(shape)
1,2,1,0, ,3,1,5,1,0,0,0,3.7099573,1,2,BR 232,,3.709957298186838
9,2,1,0, ,3,1,5,1,0,0,0,0.33984735,9,2,BR 408,,0.33984735062464333
2,2,1,0, ,3,1,5,1,0,0,0,1.26672017,2,2,BR 428,,1.266720174564144
3,2,1,0, ,3,1,5,1,0,0,0,0.78055938,3,2,BR 110,,0.7805593820883533
4,2,1,0, ,3,1,5,1,0,0,0,0.06032569,4,2,BR 424,,0.06032569139380998
5,2,1,0, ,3,1,5,1,0,0,0,0.14301204,5,2,BR 101,,0.14301204400786097
6,2,1,0, ,3,1,5,1,0,0,0,1.17072944,6,2,BR 407,,1.170729436034847
7,2,1,0, ,3,1,5,1,0,0,0,1.35454029,7,2,BR 104,,1.354540293601511
8,2,1,0, ,3,1,5,1,0,0,0,0.08179471,8,2,BR 424,,0.0817947074601466
15,2,2,0, ,3,1,5,1,0,0,0,0.28319622,15,2,PE 337,,0.283196218139403
10,2,1,0, ,3,1,5,1,0,0,0,1.30061476,10,2,BR 316,,1.3006147648464605
11,2,1,0, ,3,1,5,1,0,0,0,0.83625881,11,2,BR 116,,0.8362588062206885
16,2,2,0, ,3,1,5,2,0,0,0,0.14759715,16,2,PE 430,,0.14759714887098963
49,2,2,0, ,3,1,5,2,0,0,0,0.15655665,49,2,PE 160,,0.15655665381326211
12,2,1,0, ,3,1,5,1,0,0,0,1.60990809,12,2,BR 423,,1.609908086460739
29,2,2,0, ,3,1,5,2,0,0,0,0.12407347,29,2,PE 035,,0.12407346582677709
13,2,1,0, ,3,1,5,1,0,0,0,1.34279327,13,2,BR 316,,1.3427932650177878
14,2,1,0, ,3,1,5,1,0,0,0,0.19242901,14,2,BR 316,,0.19242900634324195
69,2,2,0, ,3,1,5,2,0,0,0,0.06761767,69,2,PE 028,,0.06761767343711038
17,2,2,0, ,3,1,5,2,0,0,0,0.6836898,17,2,PE 060,,0.6836898018246416
18,2,2,0, ,3,1,5,2,0,0,0,0.10290543,18,2,PE 422,,0.10290542839708222
19,2,2,0, ,3,1,5,2,0,0,0,0.07959035,19,2,PE 076,,0.07959034676563069
20,2,2,0, ,3,1,5,2,0,0,0,0.07143552,20,2,PE 061,,0.07143552099372932
21,2,2,0, ,3,1,5,2,0,0,0,0.08021783,21,2,PE 038,,0.08021782733558522
71,2,2,0, ,3,1,5,2,0,0,0,0.0339418,71,2,PE 009,,0.03394180105800666
22,2,2,0, ,3,1,5,2,0,0,0,0.17901684,22,2,PE 009,,0.17901683579238534
23,2,2,0, ,3,1,5,2,0,0,0,0.08525237,23,2,PE 051,,0.08525236873900525
24,2,2,0, ,3,1,5,2,0,0,0,0.1769201,24,2,PE 008,,0.17692010172857225
25,2,2,0, ,3,1,5,2,0,0,0,0.25431244,25,2,PE 001,,0.2543124373250078
26,2,2,0, ,3,1,5,2,0,0,0,0.07833171,26,2,PE 014,,0.07833170976072687
27,2,2,0, ,3,1,5,2,0,0,2,0.08870485,27,2,PE 022,,0.0887048537287906
28,2,2,0, ,3,1,5,2,0,0,0,0.04158035,28,2,PE 001,,0.041580351133593166
30,2,2,0, ,3,1,5,2,0,0,2,0.25094384,30,2,PE 005,,0.25094383548353305
31,2,2,0, ,3,1,5,2,0,0,3,0.108388,31,2,PE 015,,0.10838800397873063
33,2,2,0, ,3,1,5,2,0,0,0,0.4941266,33,2,PE 126,,0.49412659869903114
34,2,2,0, ,3,1,5,2,0,0,0,0.36990577,34,2,PE 120,,0.3699057684003244
32,2,2,0, ,3,1,5,2,0,0,0,0.44920936,32,2,PE 096,,0.44920935563537406
35,2,2,0, ,3,1,5,2,0,0,0,0.11632576,35,2,PE 007,,0.11632575757455463
36,2,2,0, ,3,1,5,2,0,0,0,0.17507826,36,2,PE 027,,0.17507825548049688
37,2,2,0, ,3,1,5,2,0,0,0,0.18165555,37,2,PE 052,,0.1816555495623587
38,2,2,0, ,3,1,5,2,0,0,0,0.09748056,38,2,PE 004,,0.09748055789659457
39,2,2,0, ,3,1,5,2,0,0,0,0.35783828,39,2,PE 075,,0.35783827932168727
40,2,2,0, ,3,1,5,2,0,0,0,0.15087584,40,2,PE 062,,0.1508758373650692
41,2,2,0, ,3,1,5,2,0,0,0,0.37771172,41,2,PE 050,,0.3777117157237079
42,2,2,0, ,3,1,5,2,0,0,0,0.30820728,42,2,PE 095,,0.308207280188763
43,2,2,0, ,3,1,5,2,0,0,0,0.09498097,43,2,PE 059,,0.09498097240610523
44,2,2,0, ,3,1,5,2,0,0,0,0.06369692,44,2,PE 074,,0.06369692138939301
45,2,2,0, ,3,1,5,2,0,0,0,0.14495373,45,2,PE 089,,0.144953727566244
46,2,2,0, ,3,1,5,2,0,0,0,0.97316075,46,2,PE 090,,0.9731607549237413
47,2,2,0, ,3,1,5,2,0,0,0,0.23697611,47,2,PE 088,,0.23697611068688748
48,2,2,0, ,3,1,5,2,0,0,0,0.16908084,48,2,PE 130,,0.16908083620404074
50,2,2,0, ,3,1,5,2,0,0,0,0.2848329,50,2,PE 145,,0.2848329028422116
51,2,2,0, ,3,1,5,2,0,0,0,0.06635775,51,2,PE 197,,0.06635775077598789
52,2,2,0, ,3,1,5,2,0,0,0,0.21690705,52,2,PE 063,,0.21690704886315587
57,2,2,0, ,3,1,5,2,0,0,0,0.4894602,57,2,PE 177,,0.4894602027974135
53,2,2,0, ,3,1,5,2,0,0,0,0.26362942,53,2,PE 071,,0.2636294211491183
56,2,2,0, ,3,1,5,2,0,0,0,0.38101021,56,2,PE 112,,0.3810102096592935
54,2,2,0, ,3,1,5,2,0,0,0,0.39790381,54,2,PE 103,,0.3979038111668133
55,2,2,0, ,3,1,5,2,0,0,0,0.14979999,55,2,PE 109,,0.14979999186890186
61,2,2,0, ,1,1,5,2,0,0,0,0.14563045,61,2,PE 070,,0.14563045266164637
63,2,1,0, ,3,1,5,1,0,0,0,0.39832164,63,2,BR 110,,0.39832163686938554
64,2,2,0, ,1,1,5,2,0,0,0,0.29945363,64,2,PE 310,,0.2994536327200218
65,2,2,0, ,3,1,5,2,0,0,0,0.16786464,65,2,PE 283,,0.1678646409464423
66,2,2,0, ,3,1,5,2,0,0,0,0.3116747,66,2,PE 045,,0.31167469901286193
67,2,2,0, ,3,1,5,2,0,0,0,0.22885694,67,2,PE 049,,0.2288569370036857
76,2,2,0, ,3,1,5,2,0,0,0,0.11441309,76,2,PE 054,,0.11441308567262225
77,2,2,0, ,2,1,5,2,0,0,0,0.07447244,77,2,PE 054,,0.07447244223853358
124,2,2,0, ,1,1,5,2,0,0,0,0.01169461,124,2,PE 057,,0.011694609560901835
83,2,2,0, ,3,1,5,2,0,0,0,0.20759445,83,2,PE 102,,0.20759444719149628
172,2,2,0, ,3,1,5,2,0,0,0,0.20307065,172,2,PE 550,,0.20307065092639384
87,2,2,0, ,1,1,5,2,0,0,0,0.18092943,87,2,PE 223,,0.18092942642368753
102,2,2,0, ,3,1,5,2,0,0,0,0.23753694,102,2,PE 435,,0.23753693534493878
167,2,2,0, ,3,1,5,2,0,0,0,0.11002664,167,2,PE 390,,0.11002663596512922
109,2,2,0, ,1,1,5,2,0,0,0,0.29224344,109,2,PE 499,,0.2922434396688341
168,2,2,0, ,1,1,5,2,0,0,0,0.10036246,168,2,PE 418,,0.10036246178293173
115,2,2,0, ,1,1,5,2,0,0,0,0.32460407,115,2,PE 540,,0.32460406847436146
116,2,2,0, ,3,1,5,2,0,0,0,0.11104378,116,2,PE 520,,0.11104378197339797
117,2,2,0, ,1,1,3,2,0,0,0,0.34907767,117,2,PE 630,,0.3490776652493843
169,2,2,0, ,3,1,5,2,0,0,0,0.08253845,169,2,PE 450,,0.08253844710422885
170,2,2,0, ,3,1,5,2,0,0,0,0.11878505,170,2,PE 483,,0.11878504676528269
121,2,2,0, ,1,1,5,2,0,0,0,0.09904945,121,2,PE 390,,0.09904945267531357
122,2,2,0, ,1,1,5,2,0,0,0,0.1778694,122,2,PE 057,,0.17786939845230643
123,2,2,0, ,1,1,5,2,0,0,0,0.02500742,123,2,PE 058,,0.02500741831442542
126,2,2,0, ,2,1,5,2,0,0,0,0.24693973,126,2,PE 187,,0.2469397323477304
127,2,2,0, ,3,1,5,2,0,0,0,0.17489928,127,2,PE 170,,0.17489927597028102
128,2,2,0, ,3,1,5,2,0,0,0,0.19083796,128,2,PE 180,,0.19083795683031582
129,2,2,0, ,3,1,5,2,0,0,0,0.16304157,129,2,PE 217,,0.16304156764479028
130,2,2,0, ,3,1,5,2,0,0,0,0.06417186,130,2,PE 280,,0.06417185623623632
131,2,2,0, ,3,1,5,2,0,0,0,0.15380213,131,2,PE 275,,0.15380213047170754
132,2,2,0, ,3,1,5,2,0,0,0,0.85065737,132,2,PE 320,,0.8506573697946247
133,2,2,0, ,3,1,5,2,0,0,0,0.19683303,133,2,PE 292,,0.19683303081657874
134,2,2,0, ,3,1,5,2,0,0,0,0.29227278,134,2,PE 365,,0.29227277789939027
135,2,2,0, ,3,1,5,2,0,0,0,0.08353931,135,2,PE 350,,0.0835393094828979
171,2,2,0, ,3,1,5,2,0,0,0,0.1802473,171,2,PE 499,,0.1802473047558561
245,2,2,0, ,1,1,5,2,0,0,0,0.02070841,245,2,PE 329,,0.020708410108172055
136,2,2,0, ,1,1,5,2,0,0,0,0.72006277,136,2,PE 340,,0.7200627672490035
137,2,2,0, ,3,1,5,2,0,0,0,0.758283,137,2,PE 390,,0.7582830010838224
138,2,2,0, ,3,1,5,2,0,0,0,0.91090324,138,2,PE 360,,0.9109032437914187
139,2,2,0, ,3,1,5,2,0,0,0,0.24490504,139,2,PE 460,,0.24490504422319673
140,2,2,0, ,3,1,5,2,0,0,0,0.83239383,140,2,PE 507,,0.8323938251308838
141,2,2,0, ,2,1,5,2,0,0,0,0.50931464,141,2,PE 630,,0.5093146448099123
142,2,2,0, ,3,1,5,2,0,0,0,0.16988094,142,2,PE 576,,0.16988094283843366
143,2,2,0, ,3,1,5,2,0,0,0,0.34793989,143,2,PE 555,,0.34793989095231576
157,2,2,0, ,3,1,5,2,0,0,0,0.14322625,157,2,PE 106,,0.14322625355402402
144,2,2,0, ,3,1,5,2,0,0,0,0.48075831,144,2,PE 604,,0.4807583108902953
145,2,2,0, ,3,1,5,2,0,0,0,0.6741949,145,2,PE 545,,0.6741948985106632
146,2,2,0, ,3,1,5,2,0,0,0,0.12089351,146,2,PE 585,,0.12089351202210402
147,2,2,0, ,3,1,5,2,0,0,0,0.04289197,147,2,PE 460,,0.04289197147276477
148,2,2,0, ,2,1,5,2,0,0,0,0.36116808,148,2,PE 214,,0.3611680842316925
149,2,2,0, ,3,1,5,2,0,0,0,0.10108639,149,2,PE 058,,0.1010863858884211
150,2,2,0, ,3,1,5,2,0,0,0,0.13080204,150,2,PE 085,,0.13080204150474106
151,2,2,0, ,3,1,5,2,0,0,0,0.19115981,151,2,PE 040,,0.19115981127847534
152,2,2,0, ,1,1,5,2,0,0,0,0.09687037,152,2,PE 123,,0.09687036561453258
153,2,2,0, ,3,1,5,2,0,0,0,0.03751986,153,2,PE 132,,0.037519861442491836
156,2,2,0, ,1,1,5,2,0,0,0,0.23539623,156,2,PE 078,,0.23539622731641463
158,2,2,0, ,3,1,5,2,0,0,0,0.0652614,158,2,PE 121,,0.06526140453590847
154,2,2,0, ,2,1,5,2,0,0,0,0.37908866,154,2,PE 064,,0.37908865511582596
155,2,2,0, ,3,1,5,2,0,0,0,0.2392678,155,2,PE 053,,0.2392677980896163
166,2,2,0, ,1,1,5,2,0,0,0,0.30298147,166,2,PE 312,,0.30298146660225855
159,2,2,0, ,3,1,3,2,0,0,0,0.12498085,159,2,PE 166,,0.12498084885219317
160,2,2,0, ,3,1,5,2,0,0,0,0.16614505,160,2,PE 219,,0.1661450522518748
161,2,2,0, ,1,1,5,2,0,0,0,0.14930015,161,2,PE 302,,0.14930014860491492
162,2,2,0, ,3,1,5,2,0,0,0,0.21754681,162,2,PE 263,,0.21754680887039266
163,2,2,0, ,3,1,5,2,0,0,0,0.04902897,163,2,PE 158,,0.049028972243335696
173,2,2,0, ,3,1,5,2,0,0,0,0.2419185,173,2,PE 475,,0.24191849804397822
174,2,2,0, ,3,1,5,2,0,0,0,0.20681701,174,2,PE 520,,0.20681700962256774
177,2,2,0, ,3,1,5,2,0,0,0,0.18880576,177,2,PE 615,,0.18880576102298582
178,2,2,0, ,3,1,5,2,0,0,0,0.28768484,178,2,PE 635,,0.28768484494006824
185,2,2,0, ,3,1,5,2,0,0,0,0.40300622,185,2,PE 336,,0.4030062219581091
175,2,2,0, ,1,1,5,2,0,0,0,0.47340721,175,2,PE 540,,0.4734072088125157
176,2,2,0, ,3,1,5,2,0,0,0,0.56437054,176,2,PE 574,,0.564370539099427
227,2,2,0, ,3,1,5,1,0,0,0,0.07296987,227,2,PE 265,,0.07296987100524076
179,2,2,0, ,1,1,5,2,0,0,0,0.71410135,179,2,PE 560,,0.7141013504157571
180,2,2,0, ,1,1,5,2,0,0,0,0.23304619,180,2,PE 590,,0.2330461943514108
181,2,2,0, ,1,1,5,2,0,0,0,0.12994042,181,2,PE 365,,0.1299404179057299
186,2,2,0, ,3,1,5,2,0,0,0,0.59917029,186,2,PE 375,,0.5991702888586811
187,2,2,0, ,1,1,5,2,0,0,0,0.19845912,187,2,PE 700,,0.19845911585857737
188,2,2,0, ,1,1,5,2,0,0,0,0.2112803,188,2,PE 700,,0.2112802994755416
202,2,2,0, ,1,1,5,2,0,0,0,0.05771807,202,2,PE 290,,0.057718071787533985
205,2,2,0, ,3,1,5,2,0,0,0,0.07013097,205,2,PE 182,,0.07013096681416037
208,2,2,0, ,3,1,5,2,0,0,0,0.03065289,208,2,PE 300,,0.0306528909739406
224,2,2,0, ,3,1,5,2,0,0,0,0.15776357,224,2,PE 220,,0.15776356886559884
243,2,2,0, ,3,1,5,2,0,0,0,0.11217942,243,2,PE 329,,0.11217941579608026
244,2,2,0, ,2,1,5,2,0,0,0,0.08378544,244,2,PE 329,,0.08378543917315993
246,2,2,0, ,3,1,5,2,0,0,0,0.1177706,246,2,PE 337,,0.11777060354753405
273,2,1,0, ,3,1,5,1,0,0,2,0.36255271,273,2,BR 101,,0.3625527144837743
276,2,2,0, ,2,1,3,2,0,0,0,0.23038224,276,2,PE 635,,0.23038224215143194
277,2,2,0, ,2,1,5,2,0,0,0,0.11602047,277,2,PE 418,,0.11602046643450079
278,2,2,0, ,1,1,3,2,0,0,0,0.13130979,278,2,PE 357,,0.13130979436052875
284,2,2,0, ,2,1,5,2,0,0,0,0.15018411,284,2,PE 250,,0.15018410608081767
285,2,2,0, ,2,1,5,2,0,0,0,0.20025352,285,2,PE 250,,0.20025352403915106
292,2,2,0, ,2,1,5,2,0,0,0,0.11858714,292,2,PE 086,,0.11858713735618098
293,2,2,0, ,2,1,5,2,0,0,0,0.05303414,293,2,PE 084,,0.05303414128742277
287,2,2,0, ,2,1,3,2,0,0,0,0.25253926,287,2,PE 214,,0.25253926156855455
301,2,2,0, ,1,1,5,2,0,0,0,0.0828797,301,2,PE 483,,0.08287970361923981
302,2,2,0, ,1,1,5,2,0,0,0,0.05852415,302,2,PE 483,,0.05852414593942068
303,2,2,0, ,1,1,5,2,0,0,0,0.01466222,303,2,PE 081,,0.01466221889319021
304,2,2,0, ,3,1,5,2,0,0,0,0.09115062,304,2,PE 004,,0.09115062426917135
305,2,2,0, ,3,1,5,2,0,0,0,0.01460299,305,2,PE 052,,0.014602985289589409
306,2,2,0, ,1,1,5,2,0,0,0,0.04557537,306,1,PE 058,,0.04557536554574919
307,2,2,0, ,1,1,5,2,0,0,0,0.05110268,307,1,PE 058,,0.05110267608496611
311,2,2,0, ,1,1,5,2,0,0,0,0.01648862,311,2,PE 070,,0.01648862028301165
312,2,2,0, ,1,1,5,2,0,0,0,0.00918151,312,2,PE 070,,0.009181511605033355
316,2,2,0, ,1,1,5,2,0,0,0,0.03438857,316,2,PE 020,,0.03438857098543122
317,2,2,0, ,3,1,5,2,0,0,0,0.09596692,317,2,PE 020,,0.0959669242677685
318,2,2,0, ,1,1,5,2,0,0,0,0.00311858,318,2,PE 020,,0.0031185794335705265
319,2,2,0, ,3,1,5,2,0,0,0,0.02571709,319,2,PE 005,,0.025717094665372028
320,2,2,0, ,2,1,5,2,0,0,0,0.0673321,320,2,PE 048,,0.06733210326119608
325,2,2,0, ,3,1,5,2,0,0,0,0.01295095,325,2,PE 037,,0.012950952191803658
326,2,2,0, ,3,1,5,2,0,0,0,0.0835658,326,2,PE 039,,0.08356580424964724
327,2,2,0, ,3,1,5,2,0,0,0,0.06237654,327,2,PE 007,,0.062376541491216804
328,2,2,0, ,3,1,5,2,0,0,0,0.10884853,328,2,PE 017,,0.10884853064066377
335,2,2,0, ,3,1,5,2,0,0,0,0.02725408,335,2,PE 001,,0.027254077630645992
338,2,2,0, ,3,1,5,2,0,0,0,0.0279454,338,2,PE 015,,0.027945397353601964
339,2,1,0, ,3,1,5,1,0,0,2,0.13609935,339,2,BR 101,,0.13609935267752757
340,2,1,0, ,3,1,5,1,0,0,3,0.10077004,340,2,BR 101,,0.10077003590236383
341,2,2,0, ,3,1,5,2,0,0,2,0.07927078,341,2,PE 004,,0.07927077664364018
342,2,2,0, ,3,1,5,2,0,0,0,0.12191514,342,2,PE 016,,0.12191514034005373
343,2,2,0, ,1,1,5,2,0,0,0,0.12647228,343,2,PE 018,,0.1264722844448129
344,2,2,0, ,3,1,5,2,0,0,0,0.02975256,344,2,PE 018,,0.02975256426925404
347,2,2,0, ,1,1,5,2,0,0,0,0.14092783,347,1,PE 070,,0.1409278349694872
348,2,2,0, ,1,1,5,2,0,0,0,0.17638962,348,1,PE 051,,0.17638962387377724
349,2,2,0, ,1,1,5,2,0,0,0,0.0240163,349,1,PE 051,,0.024016303049930507
350,2,2,0, ,3,1,5,2,0,0,0,0.03272278,350,2,PE 051,,0.03272277624924192
351,2,2,0, ,3,1,5,2,0,0,2,0.09566125,351,2,PE 060,,0.0956612532987024
352,2,2,0, ,3,1,5,2,0,0,0,0.14045032,352,2,PE 008,,0.1404503215171076
353,2,1,0, ,3,1,5,1,0,0,0,0.14116813,353,2,BR 101,,0.14120006868846924
354,2,1,0, ,3,1,5,1,0,0,2,0.00851476,354,2,BR 101,,0.008514763560960774
355,2,2,0, ,3,1,5,2,0,0,0,0.03983224,355,2,PE 028,,0.039832244108247435
356,2,2,0, ,3,1,5,2,0,0,0,0.10691696,356,2,PE 009,,0.10691695926066387
381,2,2,0, ,1,1,5,2,0,0,0,0.22604814,381,2,PE 290,,0.22604814029898102
382,2,2,0, ,1,1,5,2,0,0,0,0.07886581,382,2,PE 290,,0.07886581402649112
392,2,2,0, ,3,1,5,2,0,0,0,1.05759265,392,2,PE 270,,1.0575926455962545
393,2,2,0, ,2,1,3,2,0,0,0,0.29131477,393,2,PE 193,,0.2913147699636358
411,2,1,0, ,3,1,5,1,0,0,0,0.38851109,411,2,BR 316/110,,0.3885110866272389
412,2,1,0, ,3,1,5,1,0,0,0,0.05158236,412,2,BR 424,,0.05158235839066584
394,2,2,0, ,3,1,5,2,0,0,0,0.03873978,394,2,PE 193,,0.03873977977900041
395,2,2,0, ,3,1,5,2,0,0,0,0.12465971,395,2,PE 149,,0.12465970971100146
408,2,2,0, ,1,1,5,2,0,0,0,0.06271299,408,2,PE 132,,0.06271299297805674
409,2,2,0, ,1,1,5,2,0,0,0,0.07566005,409,2,PE 132,,0.07566005324740639
413,2,2,0, ,1,1,5,2,0,0,0,0.22188442,413,2,PE 233,,0.22188441641846932
418,2,2,0, ,3,1,5,2,0,0,0,0.22487199,418,2,PE 300,,0.22487199402604718
419,2,2,0, ,3,1,5,2,0,0,0,0.18252289,419,2,PE 300,,0.18252289057914398
421,2,2,0, ,3,1,5,2,0,0,0,0.06239231,421,2,PE 300,,0.06239230513760083
427,2,2,0, ,2,1,5,2,0,0,0,0.05529052,427,2,PE 251,,0.05529051537917523
459,2,2,0, ,1,1,5,2,0,0,0,0.05441155,459,2,PE 636,,0.054411545430496165
438,2,2,0, ,3,1,5,2,0,0,0,0.13983791,438,2,PE 460,,0.13983791404611756
439,2,2,0, ,3,1,5,2,0,0,0,0.09954078,439,2,PE 460,,0.09954078490320153
440,2,2,0, ,1,1,5,2,0,0,0,0.30545312,440,2,PE 530,,0.30545312067642955
441,2,2,0, ,1,1,5,2,0,0,0,0.13770399,441,1,PE 530,,0.1377039936032505
442,2,2,0, ,1,1,5,2,0,0,0,0.12793588,442,1,PE 530,,0.12793588063955294
443,2,2,0, ,3,1,5,2,0,0,0,0.3312433,443,2,PE 555,,0.33124330472453783
444,2,2,0, ,3,1,5,2,0,0,0,0.1671654,444,2,PE 555,,0.16716540090103538
445,2,2,0, ,3,1,5,2,0,0,0,0.30210581,445,2,PE 555,,0.3021058068632023
446,2,2,0, ,3,1,5,2,0,0,0,0.0068736,446,2,PE 555,,0.00687359872808081
447,2,2,0, ,3,1,5,2,0,0,0,0.20159263,447,2,PE 550,,0.2015926319092923
449,2,2,0, ,3,1,5,2,0,0,0,0.1162533,449,2,PE 634,,0.11625329794007748
450,2,2,0, ,3,1,5,2,0,0,0,0.05309728,450,2,PE 634,,0.05309727977915153
451,2,2,0, ,3,1,3,2,0,0,0,0.037489,451,2,PE 628,,0.03748899866726077
452,2,2,0, ,3,1,3,2,0,0,0,0.11998517,452,2,PE 628,,0.11998516994352339
453,2,2,0, ,3,1,5,2,0,0,0,0.15048758,453,2,PE 628,,0.15048758226112058
454,2,2,0, ,3,1,5,2,0,0,0,0.09748029,454,2,PE 628,,0.0974802909119237
455,2,2,0, ,3,1,5,2,0,0,0,0.05641489,455,2,PE 628,,0.056414890147064606
456,2,2,0, ,1,1,5,2,0,0,0,0.03678586,456,2,PE 636,,0.03678585760864276
457,2,2,0, ,1,1,5,2,0,0,0,0.06768728,457,2,PE 636,,0.06768728427885316
458,2,2,0, ,1,1,5,2,0,0,0,0.02955695,458,2,PE 636,,0.029556949427906154
463,2,2,0, ,2,1,5,2,0,0,0,0.1318022,463,2,PE 083,,0.131802202394964
472,2,2,0, ,2,1,5,2,0,0,0,0.09419311,472,2,PE 078,,0.09419311339142242
473,2,2,0, ,2,1,5,2,0,0,0,0.05092776,473,2,PE 078,,0.05092776433322425
476,2,2,0, ,2,1,5,2,0,0,0,0.08888962,476,2,PE 059,,0.08888962471568322
483,2,2,0, ,2,1,5,2,0,0,0,0.0664738,483,2,PE 048,,0.06647380227706086
488,2,2,0, ,3,1,5,2,0,0,0,0.16765061,488,2,PE 071,,0.16765061402608097
489,2,2,0, ,2,1,3,2,0,0,0,0.0750755,489,2,PE 087,,0.07507549717275172
490,2,2,0, ,2,1,3,2,0,0,0,0.02915811,490,2,PE 087,,0.02915810977060831
492,2,2,0, ,2,1,3,2,0,0,0,0.07854272,492,2,PE 079,,0.07854271532025121
500,2,2,0, ,2,1,5,2,0,0,0,0.13001594,500,2,PE 099,,0.1300159409098265
501,2,2,0, ,2,1,5,2,0,0,0,0.12780966,501,2,PE 615,,0.12780966430671603
731,2,2,0, ,3,1,5,2,0,0,0,0.04245175,731,2,PE 084,,0.042451749943932866
519,2,2,0, ,3,1,5,2,0,0,0,0.05834994,519,2,PE 074,,0.05834993562351794
526,2,2,0, ,2,1,5,2,0,0,0,0.16876329,526,2,PE 590,,0.1687632860905611
530,2,2,0, ,2,1,3,2,0,0,0,0.20635162,530,2,PE 087,,0.20635161788512424
531,2,2,0, ,2,1,3,2,0,0,0,0.03049125,531,2,PE 087,,0.030491253009389378
534,2,2,0, ,2,1,5,2,0,0,0,0.03628935,534,2,PE 084,,0.036289347733799895
547,2,2,0, ,2,1,5,2,0,0,0,0.02836263,547,2,PE 058,,0.02836263097054098
542,2,2,0, ,2,1,3,2,0,0,0,0.07898084,542,2,PE 187,,0.07898083849609525
544,2,2,0, ,2,1,5,2,0,0,0,0.0820413,544,2,PE 039,,0.08204130471831703
732,2,2,0, ,2,1,5,2,0,0,0,0.00645234,732,2,PE 084,,0.006452335843565701
548,2,2,0, ,2,1,3,2,0,0,0,0.12362627,548,2,PE 064,,0.12362627207375793
549,2,2,0, ,2,1,5,2,0,0,0,0.3357772,549,2,PE 037,,0.33577720259693256
550,2,2,0, ,2,1,3,2,0,0,0,0.19597214,550,2,PE 079,,0.1959721398933322
556,2,2,0, ,2,1,5,2,0,0,0,0.36000716,556,2,PE 100,,0.36000716130938687
559,2,2,0, ,2,1,5,2,0,0,0,0.08387216,559,2,PE 244,,0.08387216495255972
560,2,2,0, ,2,1,5,2,0,0,0,0.3265144,560,2,PE 244,,0.32651440457269726
561,2,2,0, ,2,1,5,2,0,0,0,0.07010715,561,2,PE 244,,0.07010714590614543
562,2,2,0, ,2,1,5,2,0,0,0,0.14795538,562,2,PE 244,,0.1479553758064035
567,2,2,0, ,3,1,5,2,0,0,0,0.04136396,567,2,PE 072,,0.04136396049373465
570,2,2,0, ,2,1,3,2,0,0,0,0.05773885,570,2,PE 121,,0.057738853122674766
571,2,2,0, ,2,1,3,2,0,0,0,0.16187186,571,2,PE 121,,0.16187185993013062
577,2,2,0, ,1,1,5,2,0,0,0,0.23206268,577,2,PE 355,,0.23206268098016833
579,2,2,0, ,3,1,5,2,0,0,0,0.11152666,579,2,PE 264,,0.11152665853676143
580,2,2,0, ,3,1,5,2,0,0,0,0.0769204,580,2,PE 074,,0.07692040174592164
581,2,2,0, ,3,1,5,2,0,0,0,0.04191959,581,2,PE 074,,0.04191959341114793
583,2,2,0, ,1,1,5,2,0,0,0,0.03820941,583,2,PE 070,,0.03820941334460727
639,2,1,0, ,3,1,5,1,0,0,0,0.06608328,639,2,BR 424,,0.06608327943237412
640,2,1,0, ,3,1,5,1,0,0,0,0.07608605,640,2,BR 424,,0.07608605256356062
611,2,2,0, ,2,1,3,2,0,0,0,0.11391438,611,2,PE 170,,0.11391438080063399
661,2,2,0, ,3,1,5,2,0,0,0,0.02495755,661,2,PE 166,,0.02495755478159101
665,2,2,0, ,3,1,5,2,0,0,0,0.0655769,665,2,PE 123,,0.06557689527616359
629,2,2,0, ,3,1,5,2,0,0,0,0.17458346,629,2,PE 180,,0.174583456222205
635,2,2,0, ,3,1,5,2,0,0,0,0.13884039,635,2,PE 062,,0.13884039443805388
637,2,1,0, ,3,1,5,1,0,0,0,0.07348232,637,2,BR 424,,0.07348231923507698
638,2,1,0, ,3,1,5,1,0,0,0,0.02872244,638,2,BR 424,,0.028722438000416375
643,2,2,0, ,1,1,5,2,0,0,0,0.11174877,643,2,PE 211,,0.11174877485906523
645,2,2,0, ,1,1,5,2,0,0,0,0.08234907,645,1,PE 211,,0.08234906867593848
666,2,2,0, ,3,1,5,2,0,0,0,0.09251962,666,2,PE 123,,0.09251961972451399
667,2,2,0, ,3,1,5,2,0,0,0,0.04210921,667,2,PE 125,,0.042109206172030574
668,2,2,0, ,1,1,5,2,0,0,0,0.19943626,668,2,PE 125,,0.1994362634005875
671,2,1,0, ,1,1,5,2,0,0,0,0.18508273,671,2,BR 316,,0.1850827320768321
673,2,2,0, ,3,1,5,2,0,0,0,0.00835802,673,2,PE 091,,0.00835801757406423
676,2,2,0, ,3,1,5,2,0,0,0,0.00426464,676,2,PE 009,,0.004264638160216878
677,2,2,0, ,3,1,5,2,0,0,2,0.17867545,677,2,PE 009,,0.1786754499677549
678,2,1,0, ,3,1,5,1,0,0,0,0.0803547,678,2,BR 424,,0.08035469917446084
681,2,2,0, ,3,1,5,2,0,0,0,0.12830612,681,2,PE 636,,0.128306123387263
682,2,2,0, ,3,1,5,2,0,0,0,0.16028555,682,2,PE 638,,0.16028555240492257
683,2,2,0, ,3,1,5,2,0,0,0,0.10103299,683,2,PE 633,,0.10103299306900929
684,2,2,0, ,1,1,5,2,0,0,0,0.14479437,684,2,PE 576,,0.14479437271375548
685,2,2,0, ,1,1,5,2,0,0,0,0.21243288,685,2,PE 634,,0.21243287536611777
686,2,2,0, ,1,1,5,2,0,0,0,0.17856912,686,2,PE 634,,0.17856911744851717
687,2,2,0, ,1,1,5,2,0,0,0,0.09292848,687,2,PE 634,,0.09292847657362406
688,2,2,0, ,1,1,5,2,0,0,0,0.14826103,688,2,PE 634,,0.1482610252884637
689,2,2,0, ,1,1,5,2,0,0,0,0.36323618,689,2,PE 627,,0.3632361813293834
690,2,2,0, ,1,1,5,2,0,0,0,0.15346725,690,2,PE 627,,0.1534672488799384
691,2,2,0, ,1,1,5,2,0,0,0,0.01495907,691,2,PE 627,,0.014959074899186395
692,2,2,0, ,1,1,5,2,0,0,0,0.30997844,692,1,PE 627,,0.30997843984640244
693,2,2,0, ,3,1,5,2,0,0,0,0.3634097,693,2,PE 604,,0.36340970022044955
694,2,2,0, ,3,1,5,2,0,0,0,0.26438622,694,2,PE 604,,0.2643862236329064
695,2,2,0, ,3,1,5,2,0,0,0,0.13296162,695,2,PE 615,,0.13296161974610896
696,2,2,0, ,3,1,5,2,0,0,0,0.27937208,696,2,PE 585,,0.2793720796121064
709,2,2,0, ,1,1,5,2,0,0,0,0.03910635,709,2,PE 414,,0.039106354068773656
697,2,2,0, ,3,1,5,2,0,0,0,0.15621098,697,2,PE 585,,0.156210982401743
698,2,2,0, ,1,1,5,2,0,0,0,0.1881169,698,2,PE 590,,0.18811690335997105
701,2,2,0, ,1,1,5,2,0,0,0,0.15176313,701,2,PE 450,,0.15176312648453993
702,2,2,0, ,3,1,5,2,0,0,0,0.06997789,702,2,PE 430,,0.06997789067898254
703,2,2,0, ,3,1,5,2,0,0,0,0.15834227,703,2,PE 430,,0.1583422696317713
704,2,2,0, ,3,1,5,2,0,0,0,0.02545318,704,2,PE 430,,0.02545318039490169
705,2,2,0, ,1,1,5,2,0,0,0,0.02908299,705,2,PE 435,,0.029082992341890223
757,2,2,0, ,3,1,5,2,0,0,0,0.12600657,757,2,PE 103,,0.12600657248547442
706,2,2,0, ,1,1,5,2,0,0,0,0.10922519,706,2,PE 414,,0.10922519387592657
707,2,2,0, ,1,1,5,2,0,0,0,0.15479235,707,2,PE 414,,0.1547923549765226
708,2,2,0, ,2,1,5,2,0,0,0,0.05103983,708,2,PE 414,,0.051039831657035156
711,2,2,0, ,3,1,5,2,0,0,0,0.34621701,711,2,PE 425,,0.3462170070720947
715,2,2,0, ,2,1,3,2,0,0,0,0.09858285,715,2,PE 635,,0.0985828534058282
728,2,2,0, ,1,1,5,2,0,0,0,0.05242929,728,2,PE 081,,0.05242929046360972
758,2,2,0, ,3,1,5,2,0,0,0,0.04956479,758,2,PE 103,,0.049564788478893465
712,2,2,0, ,1,1,5,2,0,0,0,0.40644598,712,2,PE 425,,0.40644598162229606
713,2,2,0, ,3,1,5,2,0,0,0,0.00967625,713,2,PE 425,,0.009676252363920704
714,2,2,0, ,3,1,5,2,0,0,0,0.00639966,714,2,PE 310,,0.006399656333853144
729,2,2,0, ,3,1,5,2,0,0,0,0.10296829,729,2,PE 088,,0.10296829185240391
716,2,2,0, ,2,1,3,2,0,0,0,0.08297267,716,2,PE 635,,0.08297267257654883
718,2,1,0, ,3,1,5,1,0,0,0,0.00787529,718,2,BR 424,,0.007875285627178088
719,2,1,0, ,3,1,5,1,0,0,0,0.04271967,719,2,BR 424,,0.04271967367614413
720,2,1,0, ,3,1,5,1,0,0,0,0.02317162,720,2,BR 424,,0.023171619834370362
725,2,2,0, ,1,1,5,2,0,0,0,0.14957441,725,2,PE 081,,0.1495744099146963
726,2,2,0, ,1,1,5,2,0,0,0,0.02368684,726,2,PE 081,,0.02368683638665084
727,2,2,0, ,1,1,5,2,0,0,0,0.01957995,727,2,PE 081,,0.019579951972417575
730,2,2,0, ,2,1,5,2,0,0,0,0.11162191,730,2,PE 088,,0.11162191132068261
735,2,2,0, ,3,1,5,2,0,0,0,0.0949861,735,2,PE 091,,0.09498610090723186
737,2,2,0, ,3,1,5,2,0,0,0,0.17767852,737,2,PE 089,,0.17767851712828758
738,2,2,0, ,3,1,5,2,0,0,0,0.00588537,738,2,PE 089,,0.0058853689028459995
739,2,2,0, ,3,1,5,2,0,0,0,0.04279214,739,2,PE 089,,0.04279214453905946
740,2,2,0, ,3,1,5,2,0,0,0,0.01198714,740,2,PE 089,,0.01198713632698998
741,2,2,0, ,3,1,5,2,0,0,0,0.0868662,741,2,PE 089,,0.08686620454218077
742,2,2,0, ,3,1,5,2,0,0,0,0.00132843,742,2,PE 089,,0.0013284258417840958
743,2,2,0, ,3,1,5,2,0,0,0,0.04410909,743,2,PE 089,,0.044109085308518564
744,2,2,0, ,2,1,3,2,0,0,0,0.00629277,744,2,PE 106,,0.006292770259832682
745,2,2,0, ,2,1,5,2,0,0,0,0.03009759,745,2,PE 106,,0.03009758654836196
748,2,2,0, ,2,1,5,2,0,0,0,0.03661064,748,2,PE 054,,0.036610639429773786
750,2,2,0, ,3,1,5,2,0,0,0,0.10106599,750,2,PE 041,,0.10106599018352642
751,2,2,0, ,3,1,5,2,0,0,0,0.19650564,751,2,PE 041,,0.19650563947925676
752,2,2,0, ,3,1,5,2,0,0,0,0.0967696,752,2,PE 041,,0.09676959581429423
753,2,2,0, ,2,1,5,2,0,0,0,0.16756806,753,2,PE 027,,0.16756805721259976
754,2,1,0, ,3,1,5,1,0,0,2,0.37357464,754,2,BR 408,,0.3735746442616364
773,2,2,0, ,3,1,5,2,0,0,0,0.1325767,773,2,PE 203,,0.132576696678704
774,2,2,0, ,3,1,5,2,0,0,0,0.06413536,774,2,PE 223,,0.06413535550242426
804,2,2,0, ,3,1,5,2,0,0,0,0.4502051,804,2,PE 218,,0.4502050982915757
806,2,2,0, ,3,1,5,2,0,0,0,0.0411981,806,2,PE 233,,0.04119810026740566
807,2,2,0, ,1,1,5,2,0,0,0,0.03544795,807,2,PE 020,,0.03544794552680909
809,2,2,0, ,3,1,5,2,0,0,0,0.03013587,809,2,PE 073,,0.030135874331886872
810,2,2,0, ,3,1,5,2,0,0,0,0.14938691,810,2,PE 073,,0.14938690804173793
811,2,2,0, ,3,1,5,2,0,0,0,0.13126188,811,2,PE 073,,0.13126187672979053
812,2,2,0, ,3,1,5,2,0,0,0,0.10070236,812,2,PE 170,,0.10070236391280867
820,2,2,0, ,3,1,5,2,0,0,0,0.07892709,820,2,PE 095,,0.07892709348944073
813,2,2,0, ,3,1,5,2,0,0,0,0.024959,813,2,PE 170,,0.024959001654619173
814,2,1,0, ,3,1,5,1,0,0,2,1.30561239,814,2,BR 232,,1.3056123890648978
815,2,2,0, ,3,1,5,2,0,0,0,0.01708424,815,2,PE 078,,0.017084239327930986
818,2,2,0, ,3,1,5,2,0,0,0,0.03996635,818,2,PE 095,,0.039966347523520164
819,2,2,0, ,3,1,5,2,0,0,0,0.06885077,819,2,PE 095,,0.06885076682433625
821,2,2,0, ,3,1,5,2,0,0,0,0.01361299,821,2,PE 095,,0.013612989181256164
822,2,2,0, ,3,1,5,2,0,0,0,0.08653252,822,2,PE 097,,0.08653252101357942
823,2,2,0, ,3,1,5,2,0,0,0,0.10527471,823,2,PE 097,,0.10527470789140235
824,2,2,0, ,1,1,5,2,0,0,0,0.08035499,824,2,PE 083,,0.08035499168528835
826,2,2,0, ,3,1,5,2,0,0,0,0.04023122,826,2,PE 083,,0.04023122190229305
827,2,2,0, ,3,1,5,2,0,0,0,0.21409992,827,2,PE 095,,0.2140999213474448
828,2,2,0, ,3,1,5,2,0,0,0,0.16993106,828,2,PE 145,,0.1699310588138909
829,2,2,0, ,3,1,5,2,0,0,0,0.04808095,829,2,PE 145,,0.04808094751887057
830,2,2,0, ,3,1,5,2,0,0,0,0.06119205,830,2,PE 145,,0.06119204549966109
831,2,2,0, ,3,1,5,2,0,0,0,0.03082078,831,2,PE 145,,0.03082078051189739
832,2,2,0, ,3,1,5,2,0,0,0,0.01272936,832,2,PE 145,,0.012729361298720826
833,2,2,0, ,3,1,5,2,0,0,0,0.16349673,833,2,PE 160,,0.1634967326587558
834,2,2,0, ,3,1,5,2,0,0,0,0.08821042,834,2,PE 160,,0.08821041819868171
919,2,2,0, ,3,1,5,2,0,0,0,0.05998343,919,2,PE 275,,0.05998342954933523
836,2,2,0, ,3,1,5,2,0,0,0,0.12116844,836,2,PE 166,,0.12116843980675443
837,2,2,0, ,1,1,5,2,0,0,0,0.02481526,837,2,PE 197,,0.024815263289465067
838,2,2,0, ,3,1,5,2,0,0,0,0.00965782,838,2,PE 197,,0.009657822977457323
839,2,2,0, ,3,1,5,2,0,0,0,0.05555583,839,2,PE 197,,0.05555582916630336
840,2,2,0, ,3,1,5,2,0,0,0,0.09395976,840,2,PE 197,,0.0939597582136237
841,2,2,0, ,3,1,5,2,0,0,0,0.02060002,841,2,PE 197,,0.020600022315298543
842,2,2,0, ,3,1,5,2,0,0,0,0.01470913,842,2,PE 197,,0.014709133741862368
843,2,2,0, ,3,1,5,2,0,0,0,0.12574729,843,2,PE 219,,0.1257472897668428
844,2,2,0, ,3,1,5,2,0,0,0,0.02508428,844,2,PE 219,,0.025084277727022042
867,2,2,0, ,1,1,5,2,0,0,0,0.02237866,867,2,PE 072,,0.02237866159061857
917,2,2,0, ,3,1,5,2,0,0,0,0.08031284,917,2,PE 275,,0.08031283637074152
848,2,2,0, ,1,1,5,2,0,0,0,0.0931516,848,2,PE 211,,0.093151601610793
849,2,2,0, ,1,1,5,2,0,0,0,0.00103791,849,2,PE 234,,0.00103791382964724
863,2,2,0, ,3,1,5,2,0,0,0,0.08079464,863,2,PE 009,,0.08079463534804059
851,2,2,0, ,1,1,5,2,0,0,0,0.00411475,851,2,PE 234,,0.004114748678466421
852,2,2,0, ,1,1,5,2,0,0,0,0.05929442,852,2,PE 211,,0.05929441954061166
853,2,2,0, ,3,1,5,2,0,0,0,0.04911598,853,2,PE 009,,0.04911597528310191
855,2,2,0, ,1,1,5,2,0,0,0,0.03086704,855,2,PE 009,,0.030867040563212662
856,2,2,0, ,3,1,5,2,0,0,0,0.01401109,856,2,PE 009,,0.014011088878147487
868,2,2,0, ,3,1,5,2,0,0,0,0.03361681,868,2,PE 009,,0.033616810117917985
869,2,2,0, ,1,1,5,2,0,0,0,0.03779987,869,1,PE 009,,0.03779987210234554
872,2,2,0, ,3,1,5,2,0,0,0,0.09853556,872,2,PE 099,,0.09853555885031054
873,2,2,0, ,2,1,5,2,0,0,0,0.06318292,873,2,PE 099,,0.06318291512716974
874,2,2,0, ,1,1,5,2,0,0,0,0.08201715,874,2,PE 070,,0.0820171467931399
875,2,2,0, ,1,1,5,2,0,0,0,0.09809529,875,2,PE 418,,0.09809528749500562
877,2,1,0, ,3,1,5,1,0,0,0,0.13926189,877,2,BR 424,,0.1392618861459365
878,2,1,0, ,3,1,5,1,0,0,0,0.02066412,878,2,BR 424,,0.020664117600047983
879,2,1,0, ,3,1,5,1,0,0,0,0.21842193,879,2,BR 424,,0.2184219345703854
880,2,1,0, ,3,1,5,1,0,0,0,0.07557058,880,2,BR 424,,0.07557058388652499
881,2,1,0, ,3,1,5,1,0,0,0,0.03993177,881,2,BR 424,,0.039931773454716796
882,2,1,0, ,3,1,5,1,0,0,0,0.08616121,882,2,BR 424,,0.08616120819541852
883,2,1,0, ,3,1,5,1,0,0,0,0.02705478,883,2,BR 424,,0.027054775521084092
884,2,1,0, ,3,1,5,1,0,0,0,0.07205474,884,2,BR 424,,0.07205473607659496
885,2,1,0, ,3,1,5,1,0,0,0,0.08681819,885,2,BR 101,,0.086818190265979
886,2,1,0, ,3,1,5,1,0,0,0,0.04983095,886,2,BR 101,,0.04983095363601728
914,2,2,0, ,3,1,5,2,0,0,0,0.09379403,914,2,PE 275,,0.09379403093870121
887,2,1,0, ,3,1,5,1,0,0,0,0.0827242,887,2,BR 101,,0.0827242026129424
888,2,1,0, ,3,1,5,1,0,0,0,0.0328573,888,2,BR 101,,0.03285729819374031
889,2,1,0, ,3,1,5,1,0,0,0,0.05207273,889,2,BR 101,,0.05207273402394302
890,2,1,0, ,3,1,5,1,0,0,0,0.01759907,890,2,BR 101,,0.017599065732793098
891,2,1,0, ,3,1,5,1,0,0,0,0.18836021,891,2,BR 101,,0.18836021054766386
892,2,1,0, ,3,1,5,1,0,0,0,0.07079336,892,2,BR 101,,0.0707933551576745
893,2,1,0, ,3,1,5,1,0,0,0,0.00441921,893,2,BR 101,,0.004419211895030132
915,2,2,0, ,3,1,5,2,0,0,0,0.08074394,915,2,PE 275,,0.0807439398565292
918,2,2,0, ,3,1,5,2,0,0,0,0.10006545,918,2,PE 275,,0.10006545013362961
894,2,1,0, ,3,1,5,1,0,0,0,0.11816417,894,2,BR 101,,0.11816416711933458
895,2,1,0, ,3,1,5,1,0,0,0,0.01123428,895,2,BR 101,,0.01123427543270835
896,2,1,0, ,3,1,5,1,0,0,0,0.04272767,896,2,BR 101,,0.042727667934084126
897,2,1,0, ,3,1,5,1,0,0,0,0.04971681,897,2,BR 101,,0.0497168097077295
898,2,1,0, ,3,1,5,1,0,0,0,0.02817763,898,2,BR 101,,0.02817763472004612
899,2,1,0, ,3,1,5,1,0,0,0,0.05055549,899,2,BR 101,,0.05055548668143126
900,2,1,0, ,3,1,5,1,0,0,0,0.00258929,900,2,BR 101,,0.0025892939026310848
901,2,1,0, ,3,1,5,1,0,0,0,0.0483371,901,2,BR 101,,0.04833709763763319
902,2,1,0, ,3,1,5,1,0,0,0,0.03786849,902,2,BR 101,,0.03786849422180089
903,2,1,0, ,3,1,5,1,0,0,0,0.01746634,903,2,BR 101,,0.017466336797419855
904,2,1,0, ,3,1,5,1,0,0,0,0.045835,904,2,BR 101,,0.045834998823513155
916,2,2,0, ,3,1,5,2,0,0,0,0.07343161,916,2,PE 275,,0.07343161420694588
905,2,1,0, ,3,1,5,1,0,0,0,0.23082367,905,2,BR 082/408,,0.23082366629036843
906,2,2,0, ,3,1,5,2,0,0,0,0.02051355,906,2,PE 112,,0.02051355081169661
907,2,2,0, ,3,1,5,2,0,0,0,0.10678283,907,2,PE 217,,0.10678283005293063
908,2,2,0, ,3,1,5,2,0,0,0,0.08767507,908,2,PE 280,,0.08767506758446476
909,2,2,0, ,3,1,5,2,0,0,0,0.08212175,909,2,PE 280,,0.08212175073317629
910,2,2,0, ,3,1,5,2,0,0,0,0.00142966,910,2,PE 280,,0.0014296602102029262
911,2,2,0, ,3,1,5,2,0,0,0,0.05195083,911,2,PE 280,,0.0519508302728669
912,2,2,0, ,3,1,5,2,0,0,0,0.03548668,912,2,PE 280,,0.0354866830768153
913,2,2,0, ,3,1,5,2,0,0,0,0.12910437,913,2,PE 275,,0.1291043685903126
920,2,2,0, ,3,1,5,2,0,0,0,0.09917484,920,2,PE 275,,0.09917483627398677
921,2,2,0, ,3,1,5,2,0,0,0,0.03067835,921,2,PE 275,,0.030678353243633952
922,2,2,0, ,3,1,5,2,0,0,0,0.00447315,922,2,PE 275,,0.004473150974069858
923,2,2,0, ,3,1,5,2,0,0,0,0.01491247,923,2,PE 292,,0.014912466580033881
924,2,2,0, ,3,1,5,2,0,0,0,0.08171371,924,2,PE 292,,0.08171370754174274
925,2,2,0, ,3,1,5,2,0,0,0,0.1094736,925,2,PE 292,,0.1094735983677493
926,2,2,0, ,3,1,5,2,0,0,0,0.12094543,926,2,PE 085,,0.12094542835053683
927,2,2,0, ,3,1,5,2,0,0,0,0.10905878,927,2,PE 085,,0.10905878264667813
928,2,2,0, ,3,1,5,2,0,0,0,0.06473729,928,2,PE 085,,0.06473728562651934
929,2,2,0, ,3,1,5,2,0,0,0,0.03928801,929,2,PE 085,,0.03928800992948612
934,2,2,0, ,3,1,5,2,0,0,0,0.0554172,934,2,PE 158,,0.05541720238790882
935,2,2,0, ,3,1,5,2,0,0,0,0.00815567,935,2,PE 158,,0.008155670809935105
936,2,2,0, ,1,1,5,2,0,0,0,0.026925,936,2,PE 312,,0.02692499938673044
930,2,2,0, ,3,1,5,2,0,0,0,0.09685364,930,2,PE 158,,0.09685364190915469
931,2,2,0, ,3,1,5,2,0,0,0,0.05293524,931,2,PE 158,,0.052935237416694605
932,2,2,0, ,3,1,5,2,0,0,0,0.01147259,932,2,PE 158,,0.011472585025553728
933,2,2,0, ,3,1,5,2,0,0,0,0.07037462,933,2,PE 158,,0.07037462114344467
937,2,2,0, ,1,1,5,2,0,0,0,0.18881204,937,2,PE 312,,0.18881203816431769
938,2,2,0, ,1,1,5,2,0,0,0,0.08914086,938,2,PE 312,,0.08914086260112457
939,2,2,0, ,3,1,5,2,0,0,0,0.00534279,939,2,PE 079,,0.005342793464418237
940,2,2,0, ,3,1,5,2,0,0,0,0.01639431,940,2,PE 079,,0.016394307151201812
941,2,2,0, ,3,1,5,1,0,0,0,0.13895062,941,2,PE 265,,0.1389506184113026
942,2,2,0, ,3,1,5,1,0,0,0,0.00660576,942,2,PE 265,,0.00660575591192941
943,2,2,0, ,3,1,5,1,0,0,0,0.00276782,943,2,PE 265,,0.002767817213281508
944,2,2,0, ,3,1,5,1,0,0,0,0.00728244,944,2,PE 265,,0.007282443050062901
945,2,2,0, ,3,1,5,1,0,0,0,0.08585443,945,2,PE 265,,0.08585443483637586
946,2,2,0, ,3,1,5,1,0,0,0,0.00559215,946,2,PE 265,,0.0055921522284737195
947,2,2,0, ,3,1,5,1,0,0,0,0.04913719,947,2,PE 265,,0.049137186618394335
948,2,2,0, ,3,1,5,1,0,0,0,0.05522524,948,2,PE 265,,0.055225241296285206
949,2,2,0, ,3,1,5,1,0,0,0,0.00630103,949,2,PE 265,,0.006301025924857706
950,2,2,0, ,3,1,5,2,0,0,0,0.07014763,950,2,PE 103,,0.07014762810694249
951,2,2,0, ,3,1,5,2,0,0,0,0.01938274,951,2,PE 103,,0.01938273897558624
952,2,2,0, ,3,1,5,2,0,0,0,0.22995362,952,2,PE 285,,0.2299536223559975
953,2,2,0, ,3,1,5,2,0,0,0,0.09434489,953,2,PE 263,,0.09434489269047784
954,2,2,0, ,2,1,5,2,0,0,0,0.140455,954,2,PE 283,,0.14045500461416777
955,2,2,0, ,3,1,5,2,0,0,0,0.20530396,955,2,PE 320,,0.2053039567074745
956,2,2,0, ,3,1,5,2,0,0,0,0.11777576,956,2,PE 320,,0.11777575578653185
957,2,2,0, ,1,1,5,2,0,0,0,0.00660651,957,2,PE 483,,0.006606511228592971
962,2,2,0, ,1,1,5,2,0,0,0,0.20271001,962,2,PE 605,,0.20271001191565402
963,2,2,0, ,1,1,5,2,0,0,0,0.10901884,963,2,PE 614,,0.1090188416450845
976,2,1,0, ,3,1,5,1,0,0,0,0.48051773,976,2,BR 428/122,,0.48051772680084803
977,2,2,0, ,1,1,5,2,0,0,0,0.27685795,977,2,PE 626,,0.2768579491158438
959,2,2,0, ,2,1,5,2,0,0,0,0.25623517,959,2,PE 630,,0.2562351665644107
960,2,2,0, ,2,1,5,2,0,0,0,0.1170545,960,2,PE 630,,0.11705450287968057
961,2,2,0, ,3,1,5,2,0,0,0,0.3626917,961,2,PE 625,,0.3626916954684493
964,2,2,0, ,1,1,5,2,0,0,0,0.22019109,964,2,PE 614,,0.2201910879867462
965,2,2,0, ,1,1,5,2,0,0,0,0.02673834,965,2,PE 605,,0.026738344034852382
966,2,2,0, ,1,1,5,2,0,0,0,0.00537154,966,2,PE 614,,0.005371541131517842
967,2,2,0, ,2,1,5,2,0,0,0,0.10306454,967,2,PE 630,,0.1030645431092831
968,2,2,0, ,3,1,5,2,0,0,0,0.0185281,968,2,PE 604,,0.018528102722006515
969,2,2,0, ,1,1,5,2,0,0,0,0.25826488,969,2,PE 570,,0.25826488257943964
973,2,1,0, ,1,1,5,2,0,0,0,0.15182917,973,2,BR 316,,0.15182916639947322
974,2,1,0, ,1,1,5,2,0,0,0,0.12073784,974,2,BR 316,,0.12073783739701578
978,2,2,0, ,1,1,5,2,0,0,0,0.19137462,978,2,PE 626,,0.19137461544008738
979,2,2,0, ,3,1,5,2,0,0,0,0.2972316,979,2,PE 655,,0.2972316012020986
984,2,2,0, ,3,1,5,2,0,0,0,0.22794166,984,2,PE 647,,0.22794166390253714
